officer_name,officer_id,pve_captain,pve_bridge,pve_below_decks,pvp_captain,pvp_bridge,pvp_below_decks
718.0,718-0-2509d7,,,,,,
Academy Doctor,academy-doctor-bc8e69,,,,,,
Ahvix,ahvix-f90184,,,,,,
Airiam,airiam-9265fc,x,,,x,,
Alok Sahar,alok-sahar-4d1370,,,,,,x
Alonzo Freeman,alonzo-freeman-ef0f9b,,,,,,x
Andy Billups,andy-billups-c27ba7,,,,,,
Annorax,annorax-830d35,,,,,,
Arix,arix-b3d602,,,,,,
Arkady,arkady-94c81b,,,,,,
Arrock,arrock-0791b2,,,,,,
Azetbur,azetbur-7eff22,,,,,,
B'Elanna Torres,b-elanna-torres-75cf02,,,,,,x
B'Etor,b-etor-8fc426,,,,,,
Ba'el,ba-el-91d122,,,,,,
Badgey,badgey-13df33,,,,,,
Barot,barot-2d7be0,,,,,,
Beckett Mariner,beckett-mariner-d93865,,,,,,
Benjamin Sisko,benjamin-sisko-5c51f2,,,,,,
Beverly Crusher,beverly-crusher-74b2d7,,,,,,
Black Ops Chapel,black-ops-chapel-814fe8,,,,,,
Black Ops M'Benga,black-ops-m-benga-e23e3a,,,,,,x
Bones,bones-ddc8a9,,,,,,
Borg Queen,borg-queen-c8e67d,,,,,,
Brad Boimler,brad-boimler-ee5262,,,,,,
Byr Ch'Kelrer,byr-ch-kelrer-090eff,,,,,,x
Cadet Kirk,cadet-kirk-a80563,,,,,,
Cadet McCoy,cadet-mccoy-13d460,,,,,,
Cadet Scotty,cadet-scotty-b342ae,,,,,,
Cadet Sulu,cadet-sulu-784421,,,,,,
Cadet Uhura,cadet-uhura-3ef15c,,,,,,
Caleb Mir,caleb-mir-3588ed,,,,,,x
Cap. Tilly,cap-tilly-070cc9,,,,,,
Carol,carol-755a05,,,,,,
Carol Freeman,carol-freeman-a46be4,,,,,,
Cath,cath-f0e149,,,,,,
Chakotay,chakotay-a1f5df,,,,,,
Chancellor Ake,chancellor-ake-225a78,,,,,,
Chang,chang-ecc238,,,,,,
Changeling Kira,changeling-kira-666ebe,,,,,,
Charvanek,charvanek-0f1b5c,,,,,,
Chen,chen-cdb1ca,,,,,,
Culber,culber-b3e4a0,,,,,,
D'Jaoki,d-jaoki-baa18f,,,,,,
D'Vana Tendi,d-vana-tendi-9fabf0,,,,,,
Dajash Tolra,dajash-tolra-1e809f,,,,,,
Damar,damar-796eb0,,,,,,
Dane,dane-4f7fc1,,,,,,x
Darwin,darwin-b8dc0a,,,,,,
Data,data-d20ef8,,,,,,
Deanna Troi,deanna-troi-57341d,,,,,,
Decius,decius-8fce68,,,,,,
Deidamia,deidamia-50f1da,,,,,,
Demarco,demarco-7f2d86,,,,,,
Dezoc,dezoc-381416,,,,,,
Dixon Hill,dixon-hill-b7ea10,,,,,,x
Doctor T'Ana,doctor-t-ana-b98f82,,,,,,
Domitia,domitia-2e4a05,,,,,,
Dupont,dupont-5deb80,,,,,,
Eight Of Eleven,eight-of-eleven-cb5f3c,,,,,,
Eleven Of Eleven,eleven-of-eleven-ac168c,,,,,,
Emp. Georgiou,emp-georgiou-1564b5,,,,,,
Ent-E Data,ent-e-data-871245,,,,,,x
Ent-E Picard,ent-e-picard-556227,,,,,,
Ent-E Riker,ent-e-riker-516b8d,,,,,,
Ent-E Troi,ent-e-troi-46cdc3,,,,,,x
Eurydice,eurydice-18b643,,,,,,
Ezri Dax,ezri-dax-bb0892,,,,,,
FCM Data,fcm-data-3b9e4d,,,,,,
Fess,fess-7afd43,,,,,,
Five Of Eleven,five-of-eleven-d9aa11,,,,,,
Four Of Eleven,four-of-eleven-15084c,,,,,,
French Marshal Q,french-marshal-q-1f0a28,,,,,,
Gaila,gaila-3d387a,,,,,,
Garak,garak-771862,,,,,,
Genesis Lythe,genesis-lythe-82d460,,,,,,x
Geordi La Forge,geordi-la-forge-914cec,,,,,,
Georgiou,georgiou-d2bdef,,,,,,
Ghalenar,ghalenar-69ddad,,,,,,x
Ghrush,ghrush-6e635b,,,,,,
Gonzales,gonzales-de640c,,,,,,
Goon,goon-891942,,,,,,
Gorkon,gorkon-b8d2e7,,,,,,
Gossa,gossa-dafefb,,,,,,
Gowron,gowron-27ac30,,,,,,
Gul Dukat,gul-dukat-70e9d7,,,,,,
Hadley,hadley-ae14a1,,,,,,
Harrison,harrison-56cc6c,,,,,,
Harry Kim,harry-kim-a79fdf,,,,,,x
Harry Mudd,harry-mudd-374d5f,,,,,,
Helvia,helvia-70a338,,,,,,
Hendorff,hendorff-549c65,,,,,,
Honorguard Worf,honorguard-worf-8ac58c,,,,,,
Hoshi Sato,hoshi-sato-3bc529,,,,,,x
Hugh,hugh-9fc348,,,,,,x
Icheb,icheb-fb3bd7,,,,,,
Ikat’Ika,ikatika-4fa1ba,,,,,,
Infiltrator Tuvok,infiltrator-tuvok-5d3048,,,,,,
Instr. Spock,instr-spock-bba5d7,,,,,,
Jack Ransom,jack-ransom-dfdb38,,,,,,
Jadzia Dax,jadzia-dax-736698,,,,,,
Javaid,javaid-fdff59,,,,,,
Jaylah,jaylah-857412,,,,,,
Jean-Luc Picard,jean-luc-picard-e0515c,,,,,,
Jirali,jirali-551c28,,,,,,x
Joachim,joachim-03587e,,,,,,
Joaquin,joaquin-697b4c,,,,,,
Jonathan Archer,jonathan-archer-4e9cd0,,,,,,
Julian Bashir,julian-bashir-0551fa,,,,,,
K'Bisch,k-bisch-b6c84c,,,,,,
Kang,kang-55e67a,,,,,,
Kathryn Janeway,kathryn-janeway-bd4a19,,,,,,
Kati,kati-01ab4d,,,,,,
Keenser,keenser-3a5ad4,,,,,,
Kerla,kerla-6cdf45,,,,,,
Khan,khan-3f1d1e,,,,,,
Kira Nerys,kira-nerys-a5253a,,,,,,
Kirk,kirk-1323b6,,,,,,
Klaa,klaa-acbd92,,,,,,
Komal,komal-357fb2,,,,,,
Koth,koth-c70d1c,,,,,,
Kras,kras-a47042,,,,,,
Krell,krell-ef559b,,,,,,
Kumak,kumak-c5b0db,,,,,,
Kuron,kuron-15cda2,,,,,,
L'Nar,l-nar-ae14f4,,,,,,
Laliari,laliari-87e81a,,,,,,x
Leslie,leslie-975ce0,,,,,,
Lieutenant Picard,lieutenant-picard-6303e7,,,,,,
Linkasa,linkasa-01a1b3,,,,,,
Livis,livis-43235e,,,,,,
Lorca,lorca-d32ec8,,,,,,
Lursa,lursa-57a544,,,,,,
M'Benga,m-benga-53446d,,,,,,
M'Ral,m-ral-986e7a,,,,,,
Mara,mara-bd3ca6,,,,,,
Mara Dalen,mara-dalen-6827,,,,,,x
Marcus,marcus-073931,,,,,,
Mariachi Q,mariachi-q-c8cf6e,,,,,,
Marla,marla-9732c7,,,,,,
Martok,martok-89ef39,,,,,,
Masriad Vael,masriad-vael-50cf64,,,,,,x
Mavery,mavery-60052a,,,,,,
Michael Burnham,michael-burnham-6c711c,,,,,,
Miles O'Brien,miles-o-brien-f0c92f,,,,,,x
Mirek,mirek-953093,,,,,,
Mirror Data,mirror-data-e13d66,,,,,,
Mirror Ezri,mirror-ezri-2f6326,,,,,,
Mirror Kira,mirror-kira-bc42ce,,,,,,
Mirror Picard,mirror-picard-7c1a17,,,,,,
Mirror Troi,mirror-troi-d237df,,,,,,
Mirror Uhura,mirror-uhura-0a7168,,,,,,x
Miss Q,miss-q-cc911e,,,,,,
Mitchell,mitchell-0217f7,,,,,,
Moreau,moreau-23ddb4,,,,,,
Mudd,mudd-32546a,,,,,,
Mäkinen,makinen-a124a0,,,,,,
Naga Delvos,naga-delvos-aa4e10,,,,,,x
Navi,navi-0b328a,,,,,,
Neelix,neelix-c8a380,,,,,,x
Nero,nero-1aeca9,,,,,,
Nesmith,nesmith-8d3e34,,,,,,
Next Gen Crusher,next-gen-crusher-0de02d,,,,,,
Next Gen Data,next-gen-data-5e7215,,,,,,
Next Gen La Forge,next-gen-la-forge-ee6d76,,,,,,
Next Gen Riker,next-gen-riker-44ccee,,,,,,
Next Gen Troi,next-gen-troi-ccf26b,,,,,,
Nine Of Eleven,nine-of-eleven-8c475b,,,,,,
Nog,nog-0c9672,,,,,,
Odo,odo-04a97d,,,,,,
One Of Eleven,one-of-eleven-ee0ee9,,,,,,
Origins Burnham,origins-burnham-e854d6,,,,,,
Origins Saru,origins-saru-753b24,,,,,,
Origins Stamets,origins-stamets-b0decf,,,,,,
Otto,otto-cb0fb6,,,,,,
Pan,pan-13e04e,,,,,,
Paul Stamets,paul-stamets-4aa6ab,,,,,,
Phellun,phellun-c3188c,,,,,,x
Phlox,phlox-72c07b,,,,,,
PIC Admiral Picard,pic-admiral-picard-5f2936,,,,,,
PIC Beverly Crusher,pic-beverly-crusher-26f56a,,,,,,x
PIC Hugh,pic-hugh-75d78e,,,,,,
PIC Riker,pic-riker-61815c,,,,,,
PIC Worf,pic-worf-0f1290,,,,,,
Pike,pike-1e7d0d,,,,,,
Pon,pon-a2ddd4,,,,,,
Qa'Ug,qa-ug-a165bf,,,,,,
Quark,quark-2fd57b,x,,,x,,
Quasi,quasi-bf8173,,,,,,x
Rachel Garrett,rachel-garrett-4f15c8,,,,,,x
Reginald Barclay,reginald-barclay-111169,,,,,,x
Rima,rima-26c9f4,,,,,,
Ro Mudd,ro-mudd-21a89a,,,,,,
Rom,rom-621ae3,,,,,,
Romi,romi-270f19,,,,,,
Rukor,rukor-9d7beb,,,,,,
S31 Georgiou,s31-georgiou-91b91d,,,,,,
Sam Rutherford,sam-rutherford-927c93,,,,,,
Saru,saru-68cf4f,,,,,,
Scotty,scotty-a83cb5,,,,,,
Sela,sela-bd6e1b,,,,,,
Sesha,sesha-631428,,,,,,
Seska,seska-848b5b,,,,,,x
Seven Of Eleven,seven-of-eleven-e45727,,,,,,
Seven Of Nine,seven-of-nine-d18a5e,,,,,,
Severus,severus-93daaf,,,,,,
Shaxs,shaxs-11a808,,,,,,
Shev,shev-1799cb,,,,,,
Shran,shran-f9ae44,,,,,,x
Six Of Eleven,six-of-eleven-20cbe8,,,,,,
SNW D'Chok,snw-d-chok-34f7ba,,,,,,
SNW Hemmer,snw-hemmer-330aae,,,,,,
SNW James Kirk,snw-james-kirk-6f6300,,,,,,
SNW La'an,snw-la-an-abc92f,,,,,,x
Snw M’Benga,snw-mbenga-fe38e5,,,,,,
SNW Nurse Chapel,snw-nurse-chapel-d80ed9,,,,,,x
SNW Ortegas,snw-ortegas-7c79fe,,,,,,
SNW Pelia,snw-pelia-9d33f1,,,,,,
SNW Pike,snw-pike-c94ac4,,,,,,
SNW Sam Kirk,snw-sam-kirk-0a77f9,,,,,,
Snw Scotty,snw-scotty-1dd4c3,,,,,,
SNW Spock,snw-spock-40de97,,,,,,
SNW T'Pring,snw-t-pring-16cf8d,,,,,,x
SNW Uhura,snw-uhura-ff7333,,,,,,
SNW Una,snw-una-2b6e15,,,,,,
Soran,soran-24a024,,,,,,
Specialist Seven,specialist-seven-7b554a,,,,,,
Spock,spock-c04738,,,,,,
Starfleet Q,starfleet-q-3c61cb,,,,,,
Stonn,stonn-95a1f6,,,,,,
Strike Team La'an,strike-team-la-an-84e2a9,,,,,,
Strike Team Ortegas,strike-team-ortegas-d9df30,,,,,,
Strike Team Una,strike-team-una-5ec6f6,,,,,,
Suder,suder-d348a9,,,,,,x
Sulu,sulu-fe562d,,,,,,
T'Laan,t-laan-c4627b,,,,,,
T'Pol,t-pol-3164c1,,,,,,x
T'Pring,t-pring-9bade6,,,,,,
Tal,tal-c3e4eb,,,,,,
Tasha Yar,tasha-yar-b9300c,,,,,,
Ten Of Eleven,ten-of-eleven-51fe63,,,,,,
The Doctor,the-doctor-327fc3,,,,,,x
The Hierarch,the-hierarch-e1f430,,,,,,
Three Of Eleven,three-of-eleven-d5568f,,,,,,
Tilly,tilly-6bd08f,,,,,,
Tiza,tiza-9d38f9,,,,,,
TMP Hikaru Sulu,tmp-hikaru-sulu-c73326,,,,,,
TMP Nyota Uhura,tmp-nyota-uhura-802f0c,,,,,,x
Toli,toli-2d704a,,,,,,x
Tom Paris,tom-paris-3640cc,,,,,,x
Tomalak,tomalak-0ff09c,,,,,,
TOS Chekov,tos-chekov-0f158d,,,,,,
TOS Kirk,tos-kirk-bc6d1b,,,,,,
TOS McCoy,tos-mccoy-fff2e0,,,,,,
TOS Scotty,tos-scotty-c747f6,,,,,,
TOS Spock,tos-spock-86f176,,,,,,
TOS Sulu,tos-sulu-0d02c3,,,,,,
TOS Uhura,tos-uhura-44419b,,,,,,
Trip Tucker,trip-tucker-75d4f9,,,,,,x
Tuvok,tuvok-5ceab0,,,,,,x
Two Of Eleven,two-of-eleven-c4f4d6,,,,,,
Tyler,tyler-1dcc4d,,,,,,
Uhura,uhura-ea117c,,,,,,
Vartoq,vartoq-9109e7,,,,,,
Vel,vel-f335b3,,,,,,
Vella,vella-7ab77e,,,,,,
Vemet,vemet-00a218,,,,,,
Vil Gul Dukat,vil-gul-dukat-c46cb8,,,,,,
Vil Winn Adami,vil-winn-adami-6c42f3,,,,,,
Vixis,vixis-9eec06,,,,,,
Wesley Crusher,wesley-crusher-834fce,,,,,,
Weyoun,weyoun-e042c4,,,,,,
William T. Riker,william-t-riker-ddebb5,,,,,,
Wok Carol,wok-carol-52a350,,,,,,x
WOK Joachim,wok-joachim-858f5a,,,,,,
Wok Mccoy,wok-mccoy-f09b41,,,,,,x
WOK Saavik,wok-saavik-65f1bb,,,,,,x
Wok Scotty,wok-scotty-57ed85,,,,,,x
Worf,worf-c55d58,,,,,,
Woteln,woteln-c67650,,,,,,
Yan'Agh,yan-agh-dd8637,,,,,,
Yuki,yuki-1ab97a,,,,,,
Zahra,zahra-e3f002,,,,,,
Zefram Cochrane,zefram-cochrane-f8a1c2,,,,,,x
Zeph,zeph-21ee5c,,,,,,x
Zhou,zhou-5d4d4b,,,,,,
